flight_id,departure_city,arrival_city,actual_departure,flight_month,day_of_week,flight_hour,flight_duration_minutes,delay,model,range,crew,fuel_consumption_kg_per_h,total_fuel_cons_kg,capacity,total_tickets_sold_sum,total_tickets_sold_qty,loading_percent
136661,Anapa,Belgorod,2017-01-01T09:27:00Z,1.0,0.0,9.0,50.0,0 years 0 mons 0 days 0 hours 0 mins 0.00 secs,Sukhoi Superjet-100,3000,5,1700,1416.6666666666665,97,759000.00,96,98.96907216494845360800
136420,Anapa,Moscow,2017-01-01T10:09:00Z,1.0,0.0,10.0,98.0,0 years 0 mons 0 days 0 hours -2 mins -0.00 secs,Boeing 737-300,4200,6,2600,4246.666666666667,130,1542000.00,104,80.00000000000000000000
136936,Anapa,Belgorod,2017-01-02T09:28:00Z,1.0,1.0,9.0,50.0,0 years 0 mons 0 days 0 hours 0 mins 0.00 secs,Sukhoi Superjet-100,3000,5,1700,1416.6666666666665,97,632400.00,82,84.53608247422680412400
136458,Anapa,Moscow,2017-01-02T10:07:00Z,1.0,1.0,10.0,99.0,0 years 0 mons 0 days 0 hours -1 mins -0.00 secs,Boeing 737-300,4200,6,2600,4290.0,130,1568800.00,110,84.61538461538461538500
136546,Anapa,Novokuznetsk,2017-01-03T06:13:00Z,1.0,2.0,6.0,302.0,0 years 0 mons 0 days 0 hours -3 mins -0.00 secs,Boeing 737-300,4200,6,2600,13086.666666666668,130,,,
136937,Anapa,Belgorod,2017-01-03T09:29:00Z,1.0,2.0,9.0,50.0,0 years 0 mons 0 days 0 hours 0 mins 0.00 secs,Sukhoi Superjet-100,3000,5,1700,1416.6666666666665,97,626100.00,81,83.50515463917525773200
136119,Anapa,Moscow,2017-01-03T10:08:00Z,1.0,2.0,10.0,101.0,0 years 0 mons 0 days 0 hours 1 mins 0.00 secs,Boeing 737-300,4200,6,2600,4376.666666666667,130,1653000.00,113,86.92307692307692307700
136819,Anapa,Belgorod,2017-01-04T09:29:00Z,1.0,3.0,9.0,50.0,0 years 0 mons 0 days 0 hours 0 mins 0.00 secs,Sukhoi Superjet-100,3000,5,1700,1416.6666666666665,97,759000.00,96,98.96907216494845360800
136159,Anapa,Moscow,2017-01-04T10:07:00Z,1.0,3.0,10.0,98.0,0 years 0 mons 0 days 0 hours -2 mins -0.00 secs,Boeing 737-300,4200,6,2600,4246.666666666667,130,1700600.00,115,88.46153846153846153800
136645,Anapa,Belgorod,2017-01-05T09:29:00Z,1.0,4.0,9.0,51.0,0 years 0 mons 0 days 0 hours 1 mins 0.00 secs,Sukhoi Superjet-100,3000,5,1700,1445.0,97,633000.00,82,84.53608247422680412400
136202,Anapa,Moscow,2017-01-05T10:07:00Z,1.0,4.0,10.0,102.0,0 years 0 mons 0 days 0 hours 2 mins 0.00 secs,Boeing 737-300,4200,6,2600,4420.0,130,1495600.00,100,76.92307692307692307700
136706,Anapa,Belgorod,2017-01-06T09:30:00Z,1.0,5.0,9.0,50.0,0 years 0 mons 0 days 0 hours 0 mins 0.00 secs,Sukhoi Superjet-100,3000,5,1700,1416.6666666666665,97,740100.00,95,97.93814432989690721600
136209,Anapa,Moscow,2017-01-06T10:09:00Z,1.0,5.0,10.0,100.0,0 years 0 mons 0 days 0 hours 0 mins 0.00 secs,Boeing 737-300,4200,6,2600,4333.333333333334,130,1615200.00,112,86.15384615384615384600
136164,Anapa,Moscow,2017-01-07T10:07:00Z,1.0,6.0,10.0,99.0,0 years 0 mons 0 days 0 hours -1 mins -0.00 secs,Boeing 737-300,4200,6,2600,4290.0,130,1738400.00,120,92.30769230769230769200
136632,Anapa,Belgorod,2017-01-07T12:42:00Z,1.0,6.0,12.0,51.0,0 years 0 mons 0 days 0 hours 1 mins 0.00 secs,Sukhoi Superjet-100,3000,5,1700,1445.0,97,714300.00,91,93.81443298969072164900
136609,Anapa,Belgorod,2017-01-08T09:28:00Z,1.0,0.0,9.0,50.0,0 years 0 mons 0 days 0 hours 0 mins 0.00 secs,Sukhoi Superjet-100,3000,5,1700,1416.6666666666665,97,639300.00,81,83.50515463917525773200
136122,Anapa,Moscow,2017-01-08T10:08:00Z,1.0,0.0,10.0,100.0,0 years 0 mons 0 days 0 hours 0 mins 0.00 secs,Boeing 737-300,4200,6,2600,4333.333333333334,130,1431000.00,97,74.61538461538461538500
136733,Anapa,Belgorod,2017-01-09T09:27:00Z,1.0,1.0,9.0,51.0,0 years 0 mons 0 days 0 hours 1 mins 0.00 secs,Sukhoi Superjet-100,3000,5,1700,1445.0,97,746400.00,94,96.90721649484536082500
136464,Anapa,Moscow,2017-01-09T10:07:00Z,1.0,1.0,10.0,100.0,0 years 0 mons 0 days 0 hours 0 mins 0.00 secs,Boeing 737-300,4200,6,2600,4333.333333333334,130,1398000.00,100,76.92307692307692307700
136523,Anapa,Novokuznetsk,2017-01-10T06:14:00Z,1.0,2.0,6.0,312.0,0 years 0 mons 0 days 0 hours 7 mins 0.00 secs,Boeing 737-300,4200,6,2600,13520.0,130,,,
136586,Anapa,Belgorod,2017-01-10T09:28:00Z,1.0,2.0,9.0,50.0,0 years 0 mons 0 days 0 hours 0 mins 0.00 secs,Sukhoi Superjet-100,3000,5,1700,1416.6666666666665,97,759000.00,96,98.96907216494845360800
136423,Anapa,Moscow,2017-01-10T10:12:00Z,1.0,2.0,10.0,100.0,0 years 0 mons 0 days 0 hours 0 mins 0.00 secs,Boeing 737-300,4200,6,2600,4333.333333333334,130,1849400.00,129,99.23076923076923076900
136366,Anapa,Moscow,2017-01-11T10:08:00Z,1.0,3.0,10.0,99.0,0 years 0 mons 0 days 0 hours -1 mins -0.00 secs,Boeing 737-300,4200,6,2600,4290.0,130,1527400.00,103,79.23076923076923076900
136855,Anapa,Belgorod,2017-01-11T12:07:00Z,1.0,3.0,12.0,50.0,0 years 0 mons 0 days 0 hours 0 mins 0.00 secs,Sukhoi Superjet-100,3000,5,1700,1416.6666666666665,97,702300.00,87,89.69072164948453608200
136758,Anapa,Belgorod,2017-01-12T09:26:00Z,1.0,4.0,9.0,49.0,0 years 0 mons 0 days 0 hours -1 mins -0.00 secs,Sukhoi Superjet-100,3000,5,1700,1388.3333333333333,97,765300.00,97,100.00000000000000000000
136316,Anapa,Moscow,2017-01-12T10:07:00Z,1.0,4.0,10.0,100.0,0 years 0 mons 0 days 0 hours 0 mins 0.00 secs,Boeing 737-300,4200,6,2600,4333.333333333334,130,1886000.00,130,100.00000000000000000000
136871,Anapa,Belgorod,2017-01-13T09:28:00Z,1.0,5.0,9.0,50.0,0 years 0 mons 0 days 0 hours 0 mins 0.00 secs,Sukhoi Superjet-100,3000,5,1700,1416.6666666666665,97,765300.00,97,100.00000000000000000000
136275,Anapa,Moscow,2017-01-13T10:08:00Z,1.0,5.0,10.0,98.0,0 years 0 mons 0 days 0 hours -2 mins -0.00 secs,Boeing 737-300,4200,6,2600,4246.666666666667,130,1825000.00,125,96.15384615384615384600
136781,Anapa,Belgorod,2017-01-14T09:26:00Z,1.0,6.0,9.0,50.0,0 years 0 mons 0 days 0 hours 0 mins 0.00 secs,Sukhoi Superjet-100,3000,5,1700,1416.6666666666665,97,765300.00,97,100.00000000000000000000
136185,Anapa,Moscow,2017-01-14T10:06:00Z,1.0,6.0,10.0,103.0,0 years 0 mons 0 days 0 hours 3 mins 0.00 secs,Boeing 737-300,4200,6,2600,4463.333333333334,130,1520000.00,104,80.00000000000000000000
136709,Anapa,Belgorod,2017-01-15T09:28:00Z,1.0,0.0,9.0,50.0,0 years 0 mons 0 days 0 hours 0 mins 0.00 secs,Sukhoi Superjet-100,3000,5,1700,1416.6666666666665,97,689700.00,87,89.69072164948453608200
136172,Anapa,Moscow,2017-01-15T10:05:00Z,1.0,0.0,10.0,99.0,0 years 0 mons 0 days 0 hours -1 mins -0.00 secs,Boeing 737-300,4200,6,2600,4290.0,130,1617600.00,110,84.61538461538461538500
136907,Anapa,Belgorod,2017-01-16T09:31:00Z,1.0,1.0,9.0,51.0,0 years 0 mons 0 days 0 hours 1 mins 0.00 secs,Sukhoi Superjet-100,3000,5,1700,1445.0,97,759000.00,96,98.96907216494845360800
136282,Anapa,Moscow,2017-01-16T10:07:00Z,1.0,1.0,10.0,101.0,0 years 0 mons 0 days 0 hours 1 mins 0.00 secs,Boeing 737-300,4200,6,2600,4376.666666666667,130,1518800.00,106,81.53846153846153846200
136540,Anapa,Novokuznetsk,2017-01-17T06:14:00Z,1.0,2.0,6.0,307.0,0 years 0 mons 0 days 0 hours 2 mins 0.00 secs,Boeing 737-300,4200,6,2600,13303.333333333334,130,,,
136669,Anapa,Belgorod,2017-01-17T09:26:00Z,1.0,2.0,9.0,51.0,0 years 0 mons 0 days 0 hours 1 mins 0.00 secs,Sukhoi Superjet-100,3000,5,1700,1445.0,97,752700.00,95,97.93814432989690721600
136471,Anapa,Moscow,2017-01-17T10:11:00Z,1.0,2.0,10.0,100.0,0 years 0 mons 0 days 0 hours 0 mins 0.00 secs,Boeing 737-300,4200,6,2600,4333.333333333334,130,1762800.00,120,92.30769230769230769200
136649,Anapa,Belgorod,2017-01-18T09:25:00Z,1.0,3.0,9.0,50.0,0 years 0 mons 0 days 0 hours 0 mins 0.00 secs,Sukhoi Superjet-100,3000,5,1700,1416.6666666666665,97,759000.00,96,98.96907216494845360800
136389,Anapa,Moscow,2017-01-18T10:10:00Z,1.0,3.0,10.0,100.0,0 years 0 mons 0 days 0 hours 0 mins 0.00 secs,Boeing 737-300,4200,6,2600,4333.333333333334,130,1873800.00,129,99.23076923076923076900
136654,Anapa,Belgorod,2017-01-19T09:28:00Z,1.0,4.0,9.0,49.0,0 years 0 mons 0 days 0 hours -1 mins -0.00 secs,Sukhoi Superjet-100,3000,5,1700,1388.3333333333333,97,759000.00,96,98.96907216494845360800
136387,Anapa,Moscow,2017-01-19T10:08:00Z,1.0,4.0,10.0,99.0,0 years 0 mons 0 days 0 hours -1 mins -0.00 secs,Boeing 737-300,4200,6,2600,4290.0,130,1775000.00,121,93.07692307692307692300
136887,Anapa,Belgorod,2017-01-20T09:30:00Z,1.0,5.0,9.0,49.0,0 years 0 mons 0 days 0 hours -1 mins -0.00 secs,Sukhoi Superjet-100,3000,5,1700,1388.3333333333333,97,595200.00,78,80.41237113402061855700
136463,Anapa,Moscow,2017-01-20T10:06:00Z,1.0,5.0,10.0,99.0,0 years 0 mons 0 days 0 hours -1 mins -0.00 secs,Boeing 737-300,4200,6,2600,4290.0,130,1788400.00,122,93.84615384615384615400
136755,Anapa,Belgorod,2017-01-21T09:30:00Z,1.0,6.0,9.0,50.0,0 years 0 mons 0 days 0 hours 0 mins 0.00 secs,Sukhoi Superjet-100,3000,5,1700,1416.6666666666665,97,765300.00,97,100.00000000000000000000
136428,Anapa,Moscow,2017-01-21T10:08:00Z,1.0,6.0,10.0,99.0,0 years 0 mons 0 days 0 hours -1 mins -0.00 secs,Boeing 737-300,4200,6,2600,4290.0,130,1678600.00,115,88.46153846153846153800
136927,Anapa,Belgorod,2017-01-22T09:28:00Z,1.0,0.0,9.0,51.0,0 years 0 mons 0 days 0 hours 1 mins 0.00 secs,Sukhoi Superjet-100,3000,5,1700,1445.0,97,765300.00,97,100.00000000000000000000
136310,Anapa,Moscow,2017-01-22T10:07:00Z,1.0,0.0,10.0,100.0,0 years 0 mons 0 days 0 hours 0 mins 0.00 secs,Boeing 737-300,4200,6,2600,4333.333333333334,130,1654200.00,117,90.00000000000000000000
136767,Anapa,Belgorod,2017-01-23T09:27:00Z,1.0,1.0,9.0,51.0,0 years 0 mons 0 days 0 hours 1 mins 0.00 secs,Sukhoi Superjet-100,3000,5,1700,1445.0,97,651300.00,83,85.56701030927835051500
136293,Anapa,Moscow,2017-01-23T10:09:00Z,1.0,1.0,10.0,99.0,0 years 0 mons 0 days 0 hours -1 mins -0.00 secs,Boeing 737-300,4200,6,2600,4290.0,130,1689600.00,114,87.69230769230769230800
136560,Anapa,Novokuznetsk,2017-01-24T06:13:00Z,1.0,2.0,6.0,305.0,0 years 0 mons 0 days 0 hours 0 mins 0.00 secs,Boeing 737-300,4200,6,2600,13216.666666666668,130,,,
136838,Anapa,Belgorod,2017-01-24T09:30:00Z,1.0,2.0,9.0,51.0,0 years 0 mons 0 days 0 hours 1 mins 0.00 secs,Sukhoi Superjet-100,3000,5,1700,1445.0,97,670200.00,86,88.65979381443298969100
136345,Anapa,Moscow,2017-01-24T13:32:00Z,1.0,2.0,13.0,100.0,0 years 0 mons 0 days 0 hours 0 mins 0.00 secs,Boeing 737-300,4200,6,2600,4333.333333333334,130,1517600.00,108,83.07692307692307692300
136571,Anapa,Belgorod,2017-01-25T09:28:00Z,1.0,3.0,9.0,50.0,0 years 0 mons 0 days 0 hours 0 mins 0.00 secs,Sukhoi Superjet-100,3000,5,1700,1416.6666666666665,97,752700.00,95,97.93814432989690721600
136383,Anapa,Moscow,2017-01-25T10:09:00Z,1.0,3.0,10.0,102.0,0 years 0 mons 0 days 0 hours 2 mins 0.00 secs,Boeing 737-300,4200,6,2600,4420.0,130,1493200.00,106,81.53846153846153846200
136720,Anapa,Belgorod,2017-01-26T09:29:00Z,1.0,4.0,9.0,50.0,0 years 0 mons 0 days 0 hours 0 mins 0.00 secs,Sukhoi Superjet-100,3000,5,1700,1416.6666666666665,97,752700.00,95,97.93814432989690721600
136436,Anapa,Moscow,2017-01-26T10:08:00Z,1.0,4.0,10.0,99.0,0 years 0 mons 0 days 0 hours -1 mins -0.00 secs,Boeing 737-300,4200,6,2600,4290.0,130,1811600.00,124,95.38461538461538461500
136757,Anapa,Belgorod,2017-01-27T09:30:00Z,1.0,5.0,9.0,49.0,0 years 0 mons 0 days 0 hours -1 mins -0.00 secs,Sukhoi Superjet-100,3000,5,1700,1388.3333333333333,97,765300.00,97,100.00000000000000000000
136485,Anapa,Moscow,2017-01-27T10:07:00Z,1.0,5.0,10.0,100.0,0 years 0 mons 0 days 0 hours 0 mins 0.00 secs,Boeing 737-300,4200,6,2600,4333.333333333334,130,1520000.00,106,81.53846153846153846200
136678,Anapa,Belgorod,2017-01-28T09:27:00Z,1.0,6.0,9.0,50.0,0 years 0 mons 0 days 0 hours 0 mins 0.00 secs,Sukhoi Superjet-100,3000,5,1700,1416.6666666666665,97,631200.00,80,82.47422680412371134000
136131,Anapa,Moscow,2017-01-28T10:07:00Z,1.0,6.0,10.0,99.0,0 years 0 mons 0 days 0 hours -1 mins -0.00 secs,Boeing 737-300,4200,6,2600,4290.0,130,1812800.00,124,95.38461538461538461500
136729,Anapa,Belgorod,2017-01-29T09:29:00Z,1.0,0.0,9.0,50.0,0 years 0 mons 0 days 0 hours 0 mins 0.00 secs,Sukhoi Superjet-100,3000,5,1700,1416.6666666666665,97,695400.00,88,90.72164948453608247400
136178,Anapa,Moscow,2017-01-29T10:10:00Z,1.0,0.0,10.0,99.0,0 years 0 mons 0 days 0 hours -1 mins -0.00 secs,Boeing 737-300,4200,6,2600,4290.0,130,1434600.00,99,76.15384615384615384600
136642,Anapa,Belgorod,2017-01-30T09:28:00Z,1.0,1.0,9.0,49.0,0 years 0 mons 0 days 0 hours -1 mins -0.00 secs,Sukhoi Superjet-100,3000,5,1700,1388.3333333333333,97,531000.00,64,65.97938144329896907200
136226,Anapa,Moscow,2017-01-30T10:08:00Z,1.0,1.0,10.0,100.0,0 years 0 mons 0 days 0 hours 0 mins 0.00 secs,Boeing 737-300,4200,6,2600,4333.333333333334,130,1886000.00,130,100.00000000000000000000
136544,Anapa,Novokuznetsk,2017-01-31T06:10:00Z,1.0,2.0,6.0,304.0,0 years 0 mons 0 days 0 hours -1 mins -0.00 secs,Boeing 737-300,4200,6,2600,13173.333333333334,130,,,
136869,Anapa,Belgorod,2017-01-31T09:26:00Z,1.0,2.0,9.0,50.0,0 years 0 mons 0 days 0 hours 0 mins 0.00 secs,Sukhoi Superjet-100,3000,5,1700,1416.6666666666665,97,765300.00,97,100.00000000000000000000
136181,Anapa,Moscow,2017-01-31T10:05:00Z,1.0,2.0,10.0,99.0,0 years 0 mons 0 days 0 hours -1 mins -0.00 secs,Boeing 737-300,4200,6,2600,4290.0,130,1689600.00,118,90.76923076923076923100
136900,Anapa,Belgorod,2017-02-01T09:30:00Z,2.0,3.0,9.0,51.0,0 years 0 mons 0 days 0 hours 1 mins 0.00 secs,Sukhoi Superjet-100,3000,5,1700,1445.0,97,765300.00,97,100.00000000000000000000
136135,Anapa,Moscow,2017-02-01T10:08:00Z,2.0,3.0,10.0,100.0,0 years 0 mons 0 days 0 hours 0 mins 0.00 secs,Boeing 737-300,4200,6,2600,4333.333333333334,130,1678600.00,115,88.46153846153846153800
136951,Anapa,Belgorod,2017-02-02T09:28:00Z,2.0,4.0,9.0,49.0,0 years 0 mons 0 days 0 hours -1 mins -0.00 secs,Sukhoi Superjet-100,3000,5,1700,1388.3333333333333,97,720600.00,90,92.78350515463917525800
136486,Anapa,Moscow,2017-02-02T10:07:00Z,2.0,4.0,10.0,101.0,0 years 0 mons 0 days 0 hours 1 mins 0.00 secs,Boeing 737-300,4200,6,2600,4376.666666666667,130,1505400.00,107,82.30769230769230769200
136672,Anapa,Belgorod,2017-02-03T09:28:00Z,2.0,5.0,9.0,50.0,0 years 0 mons 0 days 0 hours 0 mins 0.00 secs,Sukhoi Superjet-100,3000,5,1700,1416.6666666666665,97,759000.00,96,98.96907216494845360800
136441,Anapa,Moscow,2017-02-03T10:07:00Z,2.0,5.0,10.0,100.0,0 years 0 mons 0 days 0 hours 0 mins 0.00 secs,Boeing 737-300,4200,6,2600,4333.333333333334,130,1837200.00,128,98.46153846153846153800
136956,Anapa,Belgorod,2017-02-04T09:33:00Z,2.0,6.0,9.0,50.0,0 years 0 mons 0 days 0 hours 0 mins 0.00 secs,Sukhoi Superjet-100,3000,5,1700,1416.6666666666665,97,746400.00,96,98.96907216494845360800
136411,Anapa,Moscow,2017-02-04T10:06:00Z,2.0,6.0,10.0,100.0,0 years 0 mons 0 days 0 hours 0 mins 0.00 secs,Boeing 737-300,4200,6,2600,4333.333333333334,130,1590800.00,110,84.61538461538461538500
136823,Anapa,Belgorod,2017-02-05T09:27:00Z,2.0,0.0,9.0,51.0,0 years 0 mons 0 days 0 hours 1 mins 0.00 secs,Sukhoi Superjet-100,3000,5,1700,1445.0,97,620400.00,78,80.41237113402061855700
136360,Anapa,Moscow,2017-02-05T10:08:00Z,2.0,0.0,10.0,100.0,0 years 0 mons 0 days 0 hours 0 mins 0.00 secs,Boeing 737-300,4200,6,2600,4333.333333333334,130,1455400.00,97,74.61538461538461538500
136754,Anapa,Belgorod,2017-02-06T09:29:00Z,2.0,1.0,9.0,49.0,0 years 0 mons 0 days 0 hours -1 mins -0.00 secs,Sukhoi Superjet-100,3000,5,1700,1388.3333333333333,97,721200.00,90,92.78350515463917525800
136322,Anapa,Moscow,2017-02-06T10:11:00Z,2.0,1.0,10.0,101.0,0 years 0 mons 0 days 0 hours 1 mins 0.00 secs,Boeing 737-300,4200,6,2600,4376.666666666667,130,1567600.00,108,83.07692307692307692300
136514,Anapa,Novokuznetsk,2017-02-07T06:14:00Z,2.0,2.0,6.0,299.0,0 years 0 mons 0 days 0 hours -6 mins -0.00 secs,Boeing 737-300,4200,6,2600,12956.666666666668,130,,,
136841,Anapa,Belgorod,2017-02-07T09:25:00Z,2.0,2.0,9.0,51.0,0 years 0 mons 0 days 0 hours 1 mins 0.00 secs,Sukhoi Superjet-100,3000,5,1700,1445.0,97,765300.00,97,100.00000000000000000000
136284,Anapa,Moscow,2017-02-07T10:07:00Z,2.0,2.0,10.0,101.0,0 years 0 mons 0 days 0 hours 1 mins 0.00 secs,Boeing 737-300,4200,6,2600,4376.666666666667,130,1677400.00,117,90.00000000000000000000
136600,Anapa,Belgorod,2017-02-08T09:26:00Z,2.0,3.0,9.0,50.0,0 years 0 mons 0 days 0 hours 0 mins 0.00 secs,Sukhoi Superjet-100,3000,5,1700,1416.6666666666665,97,765300.00,97,100.00000000000000000000
136250,Anapa,Moscow,2017-02-08T10:06:00Z,2.0,3.0,10.0,101.0,0 years 0 mons 0 days 0 hours 1 mins 0.00 secs,Boeing 737-300,4200,6,2600,4376.666666666667,130,1407800.00,99,76.15384615384615384600
136666,Anapa,Belgorod,2017-02-09T09:26:00Z,2.0,4.0,9.0,50.0,0 years 0 mons 0 days 0 hours 0 mins 0.00 secs,Sukhoi Superjet-100,3000,5,1700,1416.6666666666665,97,664500.00,87,89.69072164948453608200
136146,Anapa,Moscow,2017-02-09T10:08:00Z,2.0,4.0,10.0,100.0,0 years 0 mons 0 days 0 hours 0 mins 0.00 secs,Boeing 737-300,4200,6,2600,4333.333333333334,130,1604200.00,109,83.84615384615384615400
136769,Anapa,Belgorod,2017-02-10T09:30:00Z,2.0,5.0,9.0,51.0,0 years 0 mons 0 days 0 hours 1 mins 0.00 secs,Sukhoi Superjet-100,3000,5,1700,1445.0,97,696000.00,88,90.72164948453608247400
136348,Anapa,Moscow,2017-02-10T10:05:00Z,2.0,5.0,10.0,100.0,0 years 0 mons 0 days 0 hours 0 mins 0.00 secs,Boeing 737-300,4200,6,2600,4333.333333333334,130,1762800.00,120,92.30769230769230769200
136922,Anapa,Belgorod,2017-02-11T09:27:00Z,2.0,6.0,9.0,50.0,0 years 0 mons 0 days 0 hours 0 mins 0.00 secs,Sukhoi Superjet-100,3000,5,1700,1416.6666666666665,97,607800.00,76,78.35051546391752577300
136269,Anapa,Moscow,2017-02-11T10:13:00Z,2.0,6.0,10.0,100.0,0 years 0 mons 0 days 0 hours 0 mins 0.00 secs,Boeing 737-300,4200,6,2600,4333.333333333334,130,1605400.00,109,83.84615384615384615400
136861,Anapa,Belgorod,2017-02-12T09:28:00Z,2.0,0.0,9.0,49.0,0 years 0 mons 0 days 0 hours -1 mins -0.00 secs,Sukhoi Superjet-100,3000,5,1700,1388.3333333333333,97,689100.00,87,89.69072164948453608200
136270,Anapa,Moscow,2017-02-12T10:12:00Z,2.0,0.0,10.0,99.0,0 years 0 mons 0 days 0 hours -1 mins -0.00 secs,Boeing 737-300,4200,6,2600,4290.0,130,1628600.00,111,85.38461538461538461500
136857,Anapa,Belgorod,2017-02-13T09:31:00Z,2.0,1.0,9.0,50.0,0 years 0 mons 0 days 0 hours 0 mins 0.00 secs,Sukhoi Superjet-100,3000,5,1700,1416.6666666666665,97,765300.00,97,100.00000000000000000000
136130,Anapa,Moscow,2017-02-13T10:07:00Z,2.0,1.0,10.0,99.0,0 years 0 mons 0 days 0 hours -1 mins -0.00 secs,Boeing 737-300,4200,6,2600,4290.0,130,1556600.00,107,82.30769230769230769200
136567,Anapa,Novokuznetsk,2017-02-14T06:12:00Z,2.0,2.0,6.0,311.0,0 years 0 mons 0 days 0 hours 6 mins 0.00 secs,Boeing 737-300,4200,6,2600,13476.666666666668,130,,,
136888,Anapa,Belgorod,2017-02-14T09:29:00Z,2.0,2.0,9.0,50.0,0 years 0 mons 0 days 0 hours 0 mins 0.00 secs,Sukhoi Superjet-100,3000,5,1700,1416.6666666666665,97,626100.00,79,81.44329896907216494800
136249,Anapa,Moscow,2017-02-14T10:08:00Z,2.0,2.0,10.0,98.0,0 years 0 mons 0 days 0 hours -2 mins -0.00 secs,Boeing 737-300,4200,6,2600,4246.666666666667,130,1800600.00,123,94.61538461538461538500
136605,Anapa,Belgorod,2017-02-15T09:28:00Z,2.0,3.0,9.0,51.0,0 years 0 mons 0 days 0 hours 1 mins 0.00 secs,Sukhoi Superjet-100,3000,5,1700,1445.0,97,765300.00,97,100.00000000000000000000
136132,Anapa,Moscow,2017-02-15T10:09:00Z,2.0,3.0,10.0,99.0,0 years 0 mons 0 days 0 hours -1 mins -0.00 secs,Boeing 737-300,4200,6,2600,4290.0,130,1714000.00,116,89.23076923076923076900
136875,Anapa,Belgorod,2017-02-16T09:29:00Z,2.0,4.0,9.0,50.0,0 years 0 mons 0 days 0 hours 0 mins 0.00 secs,Sukhoi Superjet-100,3000,5,1700,1416.6666666666665,97,765300.00,97,100.00000000000000000000
136268,Anapa,Moscow,2017-02-16T10:08:00Z,2.0,4.0,10.0,101.0,0 years 0 mons 0 days 0 hours 1 mins 0.00 secs,Boeing 737-300,4200,6,2600,4376.666666666667,130,1676200.00,115,88.46153846153846153800
136620,Anapa,Belgorod,2017-02-17T09:30:00Z,2.0,5.0,9.0,49.0,0 years 0 mons 0 days 0 hours -1 mins -0.00 secs,Sukhoi Superjet-100,3000,5,1700,1388.3333333333333,97,613500.00,79,81.44329896907216494800
136452,Anapa,Moscow,2017-02-17T10:08:00Z,2.0,5.0,10.0,100.0,0 years 0 mons 0 days 0 hours 0 mins 0.00 secs,Boeing 737-300,4200,6,2600,4333.333333333334,130,1603000.00,109,83.84615384615384615400
136827,Anapa,Belgorod,2017-02-18T09:26:00Z,2.0,6.0,9.0,51.0,0 years 0 mons 0 days 0 hours 1 mins 0.00 secs,Sukhoi Superjet-100,3000,5,1700,1445.0,97,765300.00,97,100.00000000000000000000
136264,Anapa,Moscow,2017-02-18T10:07:00Z,2.0,6.0,10.0,100.0,0 years 0 mons 0 days 0 hours 0 mins 0.00 secs,Boeing 737-300,4200,6,2600,4333.333333333334,130,1690800.00,116,89.23076923076923076900
136815,Anapa,Belgorod,2017-02-19T09:26:00Z,2.0,0.0,9.0,51.0,0 years 0 mons 0 days 0 hours 1 mins 0.00 secs,Sukhoi Superjet-100,3000,5,1700,1445.0,97,765300.00,97,100.00000000000000000000
136320,Anapa,Moscow,2017-02-19T10:05:00Z,2.0,0.0,10.0,100.0,0 years 0 mons 0 days 0 hours 0 mins 0.00 secs,Boeing 737-300,4200,6,2600,4333.333333333334,130,1544400.00,106,81.53846153846153846200
136660,Anapa,Belgorod,2017-02-20T09:26:00Z,2.0,1.0,9.0,49.0,0 years 0 mons 0 days 0 hours -1 mins -0.00 secs,Sukhoi Superjet-100,3000,5,1700,1388.3333333333333,97,677100.00,87,89.69072164948453608200
136403,Anapa,Moscow,2017-02-20T10:06:00Z,2.0,1.0,10.0,100.0,0 years 0 mons 0 days 0 hours 0 mins 0.00 secs,Boeing 737-300,4200,6,2600,4333.333333333334,130,1873800.00,129,99.23076923076923076900
136511,Anapa,Novokuznetsk,2017-02-21T06:15:00Z,2.0,2.0,6.0,310.0,0 years 0 mons 0 days 0 hours 5 mins 0.00 secs,Boeing 737-300,4200,6,2600,13433.333333333334,130,,,
136612,Anapa,Belgorod,2017-02-21T09:27:00Z,2.0,2.0,9.0,50.0,0 years 0 mons 0 days 0 hours 0 mins 0.00 secs,Sukhoi Superjet-100,3000,5,1700,1416.6666666666665,97,746400.00,94,96.90721649484536082500
136479,Anapa,Moscow,2017-02-21T10:08:00Z,2.0,2.0,10.0,99.0,0 years 0 mons 0 days 0 hours -1 mins -0.00 secs,Boeing 737-300,4200,6,2600,4290.0,130,1738400.00,122,93.84615384615384615400
136778,Anapa,Belgorod,2017-02-22T09:26:00Z,2.0,3.0,9.0,50.0,0 years 0 mons 0 days 0 hours 0 mins 0.00 secs,Sukhoi Superjet-100,3000,5,1700,1416.6666666666665,97,759000.00,96,98.96907216494845360800
136165,Anapa,Moscow,2017-02-22T10:11:00Z,2.0,3.0,10.0,101.0,0 years 0 mons 0 days 0 hours 1 mins 0.00 secs,Boeing 737-300,4200,6,2600,4376.666666666667,130,1567600.00,110,84.61538461538461538500
136807,Anapa,Belgorod,2017-02-23T09:28:00Z,2.0,4.0,9.0,50.0,0 years 0 mons 0 days 0 hours 0 mins 0.00 secs,Sukhoi Superjet-100,3000,5,1700,1416.6666666666665,97,531000.00,68,70.10309278350515463900
136204,Anapa,Moscow,2017-02-23T10:06:00Z,2.0,4.0,10.0,100.0,0 years 0 mons 0 days 0 hours 0 mins 0.00 secs,Boeing 737-300,4200,6,2600,4333.333333333334,130,1457800.00,107,82.30769230769230769200
136780,Anapa,Belgorod,2017-02-24T09:30:00Z,2.0,5.0,9.0,50.0,0 years 0 mons 0 days 0 hours 0 mins 0.00 secs,Sukhoi Superjet-100,3000,5,1700,1416.6666666666665,97,714900.00,89,91.75257731958762886600
136120,Anapa,Moscow,2017-02-24T10:07:00Z,2.0,5.0,10.0,99.0,0 years 0 mons 0 days 0 hours -1 mins -0.00 secs,Boeing 737-300,4200,6,2600,4290.0,130,1605400.00,109,83.84615384615384615400
136630,Anapa,Belgorod,2017-02-25T09:32:00Z,2.0,6.0,9.0,50.0,0 years 0 mons 0 days 0 hours 0 mins 0.00 secs,Sukhoi Superjet-100,3000,5,1700,1416.6666666666665,97,746400.00,94,96.90721649484536082500
136439,Anapa,Moscow,2017-02-25T10:08:00Z,2.0,6.0,10.0,100.0,0 years 0 mons 0 days 0 hours 0 mins 0.00 secs,Boeing 737-300,4200,6,2600,4333.333333333334,130,1701800.00,117,90.00000000000000000000
136802,Anapa,Belgorod,2017-02-26T09:32:00Z,2.0,0.0,9.0,50.0,0 years 0 mons 0 days 0 hours 0 mins 0.00 secs,Sukhoi Superjet-100,3000,5,1700,1416.6666666666665,97,746400.00,96,98.96907216494845360800
136351,Anapa,Moscow,2017-02-26T10:13:00Z,2.0,0.0,10.0,100.0,0 years 0 mons 0 days 0 hours 0 mins 0.00 secs,Boeing 737-300,4200,6,2600,4333.333333333334,130,1555400.00,105,80.76923076923076923100
136953,Anapa,Belgorod,2017-02-27T09:27:00Z,2.0,1.0,9.0,50.0,0 years 0 mons 0 days 0 hours 0 mins 0.00 secs,Sukhoi Superjet-100,3000,5,1700,1416.6666666666665,97,765300.00,97,100.00000000000000000000
136266,Anapa,Moscow,2017-02-27T10:08:00Z,2.0,1.0,10.0,100.0,0 years 0 mons 0 days 0 hours 0 mins 0.00 secs,Boeing 737-300,4200,6,2600,4333.333333333334,130,1566400.00,108,83.07692307692307692300
136513,Anapa,Novokuznetsk,2017-02-28T06:13:00Z,2.0,2.0,6.0,310.0,0 years 0 mons 0 days 0 hours 5 mins 0.00 secs,Boeing 737-300,4200,6,2600,13433.333333333334,130,,,
136844,Anapa,Belgorod,2017-02-28T09:26:00Z,2.0,2.0,9.0,50.0,0 years 0 mons 0 days 0 hours 0 mins 0.00 secs,Sukhoi Superjet-100,3000,5,1700,1416.6666666666665,97,575100.00,79,81.44329896907216494800
136215,Anapa,Moscow,2017-02-28T10:09:00Z,2.0,2.0,10.0,100.0,0 years 0 mons 0 days 0 hours 0 mins 0.00 secs,Boeing 737-300,4200,6,2600,4333.333333333334,130,1664000.00,114,87.69230769230769230800
